Datum,Region,Kundenp√ºnktlichkeit KPP,KPP FV,KPP RV,KAP,KAP FV,KAP RV
2020-12-26,NETZ,97.8836852993,97.179317119,98.442385939,98.3275429685,97.8500263341,98.6475305653
2020-12-27,NETZ,97.8634742129,96.7252670925,98.7664875513,98.4992238523,97.6948145796,99.0377471857
2020-12-28,NETZ,95.6169658997,94.1541045312,96.5281046565,96.3304538214,94.6636254095,97.2755749665
2020-12-29,NETZ,97.0460980962,95.7407187172,97.8579588771,97.6618977767,96.7026264939,98.2010368981
2020-12-30,NETZ,97.9369780973,97.0959245937,98.4589751402,98.2190998514,97.4669240932,98.6421241873
2020-12-31,NETZ,95.46761641,93.876000163,96.4509124751,96.3422865966,95.3628427194,96.8875337613
2021-01-01,NETZ,97.6367467327,96.2842116114,98.7091557174,98.4074794321,97.4513928457,99.0458188084
2021-01-02,NETZ,98.549301179,97.438307811,99.4297766847,98.9833232729,98.2132637372,99.4982922947
2021-01-03,NETZ,98.3779265264,97.7352302729,98.8886354726,98.5404135291,98.0219149787,98.8887980679
2021-01-04,NETZ,96.0296447511,94.4262842012,97.0393759877,96.6551441138,95.3241951979,97.4136021246
2021-01-05,NETZ,97.3211462107,95.7613131285,98.301024222,97.6343191805,96.2275988513,98.4345621021
2021-01-06,NETZ,95.5104690294,94.6229723606,96.0693796233,95.943655759,95.1336710826,96.4069436501
2021-01-07,NETZ,95.6502372414,95.7093802221,95.6128256831,96.1511977897,96.0364910979,96.2174216966
2021-01-08,NETZ,95.5169214294,93.0859506578,97.0377251827,96.0716397176,93.7630066068,97.3801543562
2021-01-09,NETZ,96.6586516943,95.094295406,97.9049012573,97.9025996279,96.65863407,98.740446638
2021-01-10,NETZ,97.6416087133,96.6073231332,98.462862088,98.2767127603,97.1313562453,99.0499210779
2021-01-11,NETZ,95.663070128,93.9949764537,96.7111048173,96.2347745579,94.7034875377,97.1066595143
2021-01-12,NETZ,88.9070430035,84.5740618545,91.6039495472,89.645495653,85.5195142257,91.9765335979
2021-01-13,NETZ,91.6719369222,89.9162499726,92.7713545237,92.1210359207,90.0890814416,93.2830241995
2021-01-14,NETZ,77.9604506975,78.2497926579,77.7792093239,78.9341190781,79.6031923907,78.551923098
2021-01-15,NETZ,54.1253839849,54.0275646478,54.1903984374,55.5305838356,56.454116411,54.9699661217
2021-01-16,NETZ,84.4480889364,78.9914710658,88.4605700869,86.6497059106,81.531202539,89.8212981724
2021-01-17,NETZ,89.3525347978,84.3208257239,93.2070914485,91.3646664057,86.9448231157,94.1764017295
2021-01-18,NETZ,91.1020638579,90.2070961228,91.6538575906,91.9482591134,91.1438721576,92.3985211975
2021-01-19,NETZ,91.4952312451,90.6935573282,91.9875298035,93.0762987395,92.1908977566,93.5705359101
2021-01-20,NETZ,94.4003185728,93.598632123,94.9083283959,94.9373223492,93.9852986452,95.4876676611
2021-01-21,NETZ,91.7862151306,90.1057721158,92.8634737913,92.7560863903,91.720403804,93.3542934281
2021-01-22,NETZ,93.3616419569,90.3356854602,95.288120105,93.7412941954,90.6762048163,95.5162019763
2021-01-23,NETZ,97.4127396433,96.2579386966,98.3162344046,97.788109196,96.8542833933,98.4008285234
2021-01-24,NETZ,98.1257997127,97.1058241311,98.9224211397,98.5364298161,97.5001674665,99.217064507
2021-01-25,NETZ,85.4338751294,78.7957509754,89.6070697639,87.1125080811,81.1681946569,90.441415868
2021-01-26,NETZ,94.1258679295,92.0394620514,95.4326281937,94.926538793,93.0608069426,95.9858884206
2021-01-27,NETZ,86.098289362,80.3955067613,89.6484946484,86.9751868727,81.9411479059,89.8033979802
2021-01-28,NETZ,87.4770345789,80.7034143141,91.7681308733,89.0965449017,83.287100675,92.3597718522
2021-01-29,NETZ,89.8359459927,85.6455186428,92.471640419,91.1533739177,87.8503720121,93.0110822763
2021-01-30,NETZ,96.1794312078,95.3934920777,96.7922501841,97.6824232846,96.6101474938,98.3976322495
2021-01-31,NETZ,97.3786288028,96.0533198271,98.4171618559,98.1017423433,96.8183038579,98.9541850038
2021-02-01,NETZ,93.3795095435,91.5927085357,94.5009432996,94.0541800489,92.6453653368,94.8551790487
2021-02-02,NETZ,93.9193847497,92.5385251004,94.7841716832,94.5726757022,93.2906977396,95.3018832066
2021-02-03,NETZ,90.0096272731,85.9355585201,92.5689656738,90.8953890298,87.1590415594,93.0040810469
2021-02-04,NETZ,91.499712748,90.9003988131,91.8748713104,92.5726319244,91.8934567754,92.9605588541
2021-02-05,NETZ,93.2905844953,92.2892066989,93.9157731558,94.004432606,92.739761753,94.7267284971
2021-02-06,NETZ,97.4440591332,96.2109971903,98.412833795,97.8913969799,96.7645907729,98.643143246
2021-02-07,NETZ,96.5880978364,95.1130410085,97.7335114359,97.0447238214,95.5364351464,98.0409324301
2021-02-08,NETZ,95.4724100969,93.940767817,96.4381717479,96.0211869348,94.6474101614,96.8073216463
2021-02-09,NETZ,93.4061905819,91.5424197408,94.5785900542,94.0280181069,92.3563057553,94.9820612901
2021-02-10,NETZ,88.5823913268,85.3274773947,90.6159740449,89.6966128388,86.3920896039,91.5760975472
2021-02-11,NETZ,83.0129505452,81.8630623981,83.7385392232,84.4229998418,83.3580328107,85.0367181637
2021-02-12,NETZ,90.693441714,87.3152587756,92.7930497026,92.4401648836,88.8506524774,94.4619102368
2021-02-13,NETZ,94.8311899009,91.4178099139,97.5271705503,96.0542208881,93.1168787894,98.0089550561
2021-02-14,NETZ,95.0331970167,92.4038025996,97.1018549178,96.1493369501,93.7032035862,97.7776720975
2021-02-15,NETZ,93.306488258,91.6891006611,94.3149024999,93.9721377704,92.1256343485,95.0236328221
2021-02-16,NETZ,92.9808218696,90.2886702121,94.6623599649,93.6564468817,90.8859084977,95.2328560994
2021-02-17,NETZ,95.3566221799,93.349987321,96.6174858608,95.898322909,93.9874626111,96.9867113504
2021-02-18,NETZ,94.7260532611,92.4971380944,96.114164757,95.7550942133,93.8423028643,96.8308284208
2021-02-19,NETZ,96.0319117412,95.0914827671,96.6162190156,96.7236091256,95.6404454031,97.3383378909
2021-02-20,NETZ,96.7919947148,95.8660632758,97.5261845521,97.9516967911,96.9847744591,98.6048414246
2021-02-21,NETZ,97.4586427893,95.8741067291,98.7146147132,97.8692090543,96.3121276876,98.9148764471
2021-02-22,NETZ,94.1853220315,91.9449380744,95.5911588779,95.5787838995,93.8017626441,96.5835677815
2021-02-23,NETZ,92.1035350638,90.5192907219,93.0668926515,94.654517752,93.3430093093,95.3762400268
2021-02-24,NETZ,96.0523396043,94.7510487176,96.8642487288,96.6203432189,95.471795985,97.2710539591
2021-02-25,NETZ,95.0789858427,94.0560549048,95.720333092,95.6367165126,94.8426380679,96.0892386075
2021-02-26,NETZ,95.6143516954,93.3852236626,97.0065382354,96.2289848271,94.171705236,97.3957201543
2021-02-27,NETZ,96.9641503189,94.4843793653,98.9316368321,97.6357208643,95.6985446056,98.9109789932
2021-02-28,NETZ,97.7656682537,97.0111826491,98.3632441972,98.4352530423,97.4122715232,99.1196324359
2021-03-01,NETZ,93.7037700108,90.6026489518,95.6384351363,94.3357975193,91.3215582258,96.0346670781
2021-03-02,NETZ,95.8713971559,93.467740345,97.360933779,96.2165973373,93.8157456104,97.5677737411
2021-03-03,NETZ,96.5417375469,94.5420037016,97.7843340445,96.9327252486,94.7435769698,98.1707343136
2021-03-04,NETZ,95.9674405022,94.6183998501,96.8069531314,96.3407075734,95.2013787217,96.9828115103
2021-03-05,NETZ,96.6501633673,95.0601502127,97.6402671002,97.0448164407,95.6880971423,97.8115142873
2021-03-06,NETZ,96.5495129992,94.4145078109,98.2443339828,97.3808130759,95.0819338808,98.9312283834
2021-03-07,NETZ,96.9722527117,95.9268925313,97.8028861676,97.5246367434,96.3947175909,98.2873462255
2021-03-08,NETZ,95.1663088563,93.8298447963,96.0009730387,96.0183290183,94.5851661934,96.8322173709
2021-03-09,NETZ,95.4326904334,94.2780492834,96.1517008476,96.2299131943,94.9474001355,96.9576048458
2021-03-10,NETZ,96.2321116756,94.2775409144,97.4544074578,96.7192035734,95.0482383176,97.6646674618
2021-03-11,NETZ,93.0227691189,89.4809394341,95.232604258,93.7941384027,90.6790337403,95.5511088699
2021-03-12,NETZ,93.7075310685,90.7013293787,95.5847689004,95.3171138233,93.198574888,96.503230875
2021-03-13,NETZ,93.6152900674,90.7321997556,95.8883601324,96.2989913705,94.0432252485,97.786167497
2021-03-14,NETZ,94.6714386874,91.8038923981,96.9448686244,97.4575346408,95.6662735746,98.6356449816
2021-03-15,NETZ,90.4924612317,87.6835252576,92.2400818664,91.1411307656,88.3085865514,92.7383560259
2021-03-16,NETZ,94.598637788,91.9420765831,96.2584596819,95.0182794066,92.4618143883,96.4661919365
2021-03-17,NETZ,93.5552853113,90.9205513194,95.1954154384,94.2651775199,91.7064961761,95.713397431
2021-03-18,NETZ,94.3304282958,92.6442236574,95.3844074282,94.7014465499,93.1045517435,95.6093657896
2021-03-19,NETZ,93.4233387743,90.9849751177,94.9432848106,94.1232484969,91.5229302401,95.6019212508
2021-03-20,NETZ,97.2292721546,95.8673499097,98.1597356765,97.7977555637,96.6120498138,98.4650518743
2021-03-21,NETZ,97.3169209495,96.2261637072,98.0587953831,98.1163660184,96.9596624945,98.7651016758
2021-03-22,NETZ,94.3625355823,91.1231341516,96.3985259952,95.3117180633,92.3715730564,96.9814561474
2021-03-23,NETZ,92.6772128246,89.7195662839,94.5196918506,93.4278579051,90.706040131,94.9619381593
2021-03-24,NETZ,95.0775545616,93.3178876329,96.1718298512,95.6903041708,93.8980806684,96.7018862852
2021-03-25,NETZ,95.090872821,93.2569020964,96.2330943576,95.7483479747,93.6985401357,96.9131376542
2021-03-26,NETZ,95.9709118083,93.9684994028,97.2201153934,96.3060781923,94.4947533014,97.331558871
2021-03-27,NETZ,96.6569434068,94.5504186345,98.3225056593,97.1145300507,95.1053162429,98.4605526004
2021-03-28,NETZ,96.7211384383,95.0702158975,98.0242450973,97.5393763635,95.8382654145,98.6798716646
2021-03-29,NETZ,93.6923617603,91.4841006506,95.0624671162,94.66100224,92.7082234809,95.7581434285
2021-03-30,NETZ,94.1657665977,92.0667925127,95.4761541714,94.9837657419,93.2620330487,95.9591352275
2021-03-31,NETZ,91.1502712072,86.8748759271,93.793961659,92.4146940988,88.7202718363,94.4732793072
2021-04-01,NETZ,96.1160248628,94.3185573863,97.2337559811,96.568160817,95.1064187747,97.3907284689
2021-04-02,NETZ,96.8252842765,95.7336044298,97.6786907818,97.5253303718,96.2205765586,98.3940147871
2021-04-03,NETZ,98.6245923144,98.0006394031,99.1176529198,98.8618998424,98.313799275,99.2284817945
2021-04-04,NETZ,98.544691221,98.3663047642,98.6854533704,99.1763646995,98.7614138612,99.4538831662
2021-04-05,NETZ,96.3666876424,95.2354486049,97.2554200161,97.0671244975,95.798878052,97.9121411548
2021-04-06,NETZ,95.3763337744,93.8041253753,96.3575560028,96.0756870811,94.5434350143,96.9416340781
2021-04-07,NETZ,91.4060253006,86.867362664,94.2276091532,92.3652712094,87.9804320786,94.8260541721
2021-04-08,NETZ,94.641516654,91.6634410106,96.4911582783,95.1730032339,92.1843239718,96.8541558609
2021-04-09,NETZ,94.9979665348,92.5827980551,96.4995700229,95.6092588408,93.3609896832,96.87472627
2021-04-10,NETZ,96.987019974,94.8116676214,98.6971906111,97.9478329538,96.3505683557,98.9984328002
2021-04-11,NETZ,97.446257784,95.9685108401,98.6048802714,97.8398510691,96.3851043999,98.7997957219
2021-04-12,NETZ,90.9987490523,88.7232917832,92.4097251489,91.7247798983,89.6402027957,92.8929217095
2021-04-13,NETZ,93.0408497685,88.3422586788,95.9550150993,93.8288898158,89.4383693038,96.274654379
2021-04-14,NETZ,95.1690360534,92.3755081133,96.9048919656,95.7858014856,93.0127947342,97.3420362194
2021-04-15,NETZ,90.6926761209,83.934927137,94.8703845602,91.5856607983,84.7920255866,95.3500586999
2021-04-16,NETZ,94.7103633213,91.5146359364,96.6923634843,95.1694342167,92.1826440048,96.8405211503
2021-04-17,NETZ,97.6618984891,96.08427648,98.9121410721,98.0944640294,96.467410298,99.1795463576
2021-04-18,NETZ,97.1974972119,95.0185568883,98.9215874364,97.8703619008,95.8988076159,99.1742485827
2021-04-19,NETZ,93.1518966672,87.9637497174,96.3703041199,93.9268225479,88.9883293841,96.6837797633
2021-04-20,NETZ,92.9402823218,88.9693468934,95.4147778297,93.81888832,90.0585241018,95.9362454212
2021-04-21,NETZ,93.1070965924,90.5299132969,94.7158198168,93.9184553371,91.1334170033,95.496401717
2021-04-22,NETZ,94.8246697712,92.0786253148,96.5227799295,95.4143280801,92.5328774327,97.0304576358
2021-04-23,NETZ,93.5795417078,91.6309371963,94.8035417931,94.4897618677,92.3053631619,95.7414483684
2021-04-24,NETZ,96.2624052867,94.7687031308,97.456770544,97.283929239,96.2170624422,98.001761219
2021-04-25,NETZ,96.5809980583,94.1370348747,98.5367219433,97.1116681569,94.7268248935,98.7196659044
2021-04-26,NETZ,94.1244231851,90.8199249942,96.1940809793,94.9446825578,92.0158516886,96.6027377839
2021-04-27,NETZ,93.6023248323,90.391110439,95.6288187325,95.2155288984,92.2913176664,96.8797402794
2021-04-28,NETZ,89.0508774722,84.2002831047,92.1631638346,90.5443975111,85.9841254291,93.183884914
2021-04-29,NETZ,94.0794998093,91.3568296987,95.7899026086,94.9575939577,92.3169016095,96.4618268828
2021-04-30,NETZ,93.7400572898,90.3761902588,95.8533575935,94.336642087,91.0441721952,96.217408334
2021-05-01,NETZ,93.3015221839,88.148052604,97.1352353666,94.5076011096,89.6687881639,97.5052767598
2021-05-02,NETZ,95.3250892171,92.2310675005,97.6431326856,96.0512488799,92.7300991398,98.1316083553
2021-05-03,NETZ,95.5127747126,93.0563109034,97.0499851313,95.875478898,93.39032868,97.2872238844
2021-05-04,NETZ,94.8345027829,92.1515585373,96.5022246818,95.3817942012,92.7917587833,96.8433615624
2021-05-05,NETZ,89.2731134952,83.1288737605,93.087670233,90.3726776134,84.3943560096,93.7130230916
2021-05-06,NETZ,91.9909745254,88.3222389039,94.2864941154,92.535584748,88.7591093249,94.6840466818
2021-05-07,NETZ,94.0008086545,90.244392415,96.3457073168,94.6365362054,91.0901218494,96.6468051514
2021-05-08,NETZ,95.783053668,92.8827187167,97.951199542,96.5609193712,93.7859402405,98.295973412
2021-05-09,NETZ,96.4441454817,94.7783271571,97.6809098439,97.023293528,95.3053628224,98.0899367357
2021-05-10,NETZ,93.5601951912,90.6471770054,95.3806374228,94.3046403804,91.0555482958,96.149819777
2021-05-11,NETZ,87.5394912998,84.1058351753,89.6824903816,88.6383862535,85.7301344816,90.2716189519
2021-05-12,NETZ,95.2719785332,92.7098519926,96.8662865882,95.965474953,93.5958672122,97.3003684062
2021-05-13,NETZ,96.3314945662,94.0896980688,98.0069714673,96.9273750214,94.6509890486,98.375606304
2021-05-14,NETZ,95.0074159582,91.5173997262,97.090902231,95.7563149204,92.8096243293,97.3378318533
2021-05-15,NETZ,96.662751114,94.9828976515,97.917968989,96.9912248743,95.2358394534,98.1060385966
2021-05-16,NETZ,95.7628369135,92.5058211409,98.2160686145,96.3795324048,93.2032581254,98.410573218
2021-05-17,NETZ,91.8453682908,86.7080276962,95.0567589738,92.5200462753,87.6098973288,95.2933278925
2021-05-18,NETZ,93.5247088824,89.6064536717,95.9736218114,94.1021527535,90.4011117543,96.1960012196
2021-05-19,NETZ,93.3223640601,90.0099870842,95.3916991577,93.8608960009,90.3977471679,95.82818831
2021-05-20,NETZ,93.9345471433,89.9750453279,96.4060441967,94.4476769596,90.6656770151,96.5842868531
2021-05-21,NETZ,90.211026711,85.2162218976,93.3384900777,90.5146052243,85.7167030397,93.2412719802
2021-05-22,NETZ,97.6694090828,96.0879557217,98.9184817521,97.8428476747,96.2510006352,98.9064945303
2021-05-23,NETZ,97.4909975899,96.1657686325,98.5348910681,97.6325311272,96.3822145595,98.4636872133
2021-05-24,NETZ,96.8329370613,94.6275708285,98.5752892889,97.1198126655,95.0088213303,98.5279640391
2021-05-25,NETZ,95.4670081895,93.3971400325,96.7589983371,95.588432426,93.5101666711,96.7657547237
2021-05-26,NETZ,95.041989568,92.0148486705,96.9372498624,95.3971982533,92.1340635379,97.2547016302
2021-05-27,NETZ,93.112862998,87.7191878581,96.4936475684,94.0042676272,89.1169631285,96.7565935514
2021-05-28,NETZ,89.8672275671,84.5182996652,93.2340373973,90.6301098234,85.4650149729,93.5701990899
2021-05-29,NETZ,96.8383373631,95.1263110336,98.1339272733,97.3732813301,95.8119195998,98.3574935203
2021-05-30,NETZ,95.8686406127,93.3401770975,97.7768548652,96.4164659466,93.9531660302,97.9675074369
2021-05-31,NETZ,92.6515237519,89.6955175353,94.4999987296,93.316754944,90.4765802128,94.9272821372
2021-06-01,NETZ,92.6012487041,88.5821260914,95.1091925167,93.3419463532,89.4135386793,95.5620423129
2021-06-02,NETZ,91.4498638619,88.8050518816,93.0943189611,92.3146887669,89.9533207039,93.6438791989
2021-06-03,NETZ,94.4972869973,91.6643719642,96.2704762497,95.0566724609,92.3884899283,96.5702470733
2021-06-04,NETZ,92.8360604803,88.8721941089,95.3061325217,93.987527277,90.0731153776,96.1946490105
2021-06-05,NETZ,95.8109251475,93.629172888,97.5569508598,96.4941223749,94.2306946082,98.021875691
2021-06-06,NETZ,95.4883917309,92.3782163093,97.9750754038,96.207465989,93.468538262,98.0386156008
2021-06-07,NETZ,91.3013819387,89.381714848,92.5015103444,92.1961402054,90.4328892782,93.1995877141
2021-06-08,NETZ,91.087403925,85.8511366665,94.3333448015,92.2451311951,87.2376045644,95.0595795469
2021-06-09,NETZ,93.6881575134,91.339074362,95.1483866008,94.5608945368,92.3158826864,95.826689113
2021-06-10,NETZ,94.3939966075,91.5827179468,96.1501096864,94.9005756472,92.3544391422,96.3384075107
2021-06-11,NETZ,93.1773833055,88.8563366798,95.8636930301,94.1179405528,90.3457617582,96.2314241604
2021-06-12,NETZ,95.5384195289,93.1233546621,97.4484400347,96.4404745185,93.7665905208,98.2362986867
2021-06-13,NETZ,95.6535569899,93.0338487821,97.7405096737,96.2837800485,93.7087271769,98.0184209602
2021-06-14,NETZ,93.7140241952,89.8587479376,96.1244535314,94.6997768435,91.1312657749,96.7200409484
2021-06-15,NETZ,90.6028950833,87.0095654381,92.8249372358,91.8758782569,88.2090492411,93.9412065947
2021-06-16,NETZ,94.1917792899,91.5119174704,95.866473471,94.791466083,92.2466029561,96.232177477
2021-06-17,NETZ,91.3747406486,87.4479599644,93.8379667907,92.4278387464,88.770357455,94.4970778161
2021-06-18,NETZ,91.2619033637,88.3975983901,93.0518438016,93.0518435131,89.8900663707,94.8640334888
2021-06-19,NETZ,95.0787755872,91.8528364969,97.6183148178,96.1290200726,93.2507835761,98.0295466217
2021-06-20,NETZ,96.0062395801,94.2189592981,97.3996909251,96.7244184847,94.8627494731,97.9507716697
2021-06-21,NETZ,92.4198181692,89.8228498399,94.0297174365,93.6511793534,91.0206467142,95.1355536458
2021-06-22,NETZ,89.2973674937,84.4430145079,92.3042328338,90.2461424092,85.1460830294,93.1061338193
2021-06-23,NETZ,90.669263883,85.8995171342,93.6496825765,91.8570587673,87.0836881044,94.5643308944
2021-06-24,NETZ,85.551286197,80.4845473706,88.6855384414,87.7963943105,82.7196146292,90.6295517674
2021-06-25,NETZ,94.3404908982,90.9233100795,96.4676203397,95.1072649899,92.1936201684,96.7423769762
2021-06-26,NETZ,95.6711091973,93.148695836,97.6663085881,96.5128099778,94.2525459645,98.0184679678
2021-06-27,NETZ,95.3032284938,92.8994223837,97.2042347675,95.8338848374,93.584405478,97.3347840834
2021-06-28,NETZ,90.3558499821,86.8782570084,92.5348794877,91.7941906329,88.4081053797,93.7210119274
2021-06-29,NETZ,91.1366157394,87.1838478589,93.6021175062,91.9139976725,88.1286095396,94.0474540206
2021-06-30,NETZ,93.1525391034,89.6556240548,95.3302616204,93.887465528,90.9033434676,95.5623541101
2021-07-01,NETZ,94.1784271396,90.8429705137,96.2569418574,94.8833277665,92.0448624623,96.4726610103
2021-07-02,NETZ,93.8304086337,92.0820625657,94.9146801779,94.6109223252,92.9513474131,95.5459237527
2021-07-03,NETZ,96.7220578433,94.758162458,98.2741156238,97.2723661909,95.4579743208,98.4825174918
2021-07-04,NETZ,97.0544016934,95.5417880436,98.2539222396,97.5972065616,96.3802347876,98.4099167432
2021-07-05,NETZ,94.8953749055,92.3284509261,96.495776885,95.5345468393,93.3007899813,96.7920414848
2021-07-06,NETZ,89.6319137651,85.9959918522,91.8948703654,90.7936102191,87.0093265231,92.9403659235
2021-07-07,NETZ,89.0467805589,85.0977872202,91.4850775057,90.5404812681,86.7317216495,92.6739519497
2021-07-08,NETZ,89.4586941754,83.9500540761,92.9036576445,90.3360384915,84.5989718363,93.5965297883
2021-07-09,NETZ,94.6634948661,91.4932361884,96.6410564433,95.0063533822,92.0545965492,96.6746605166
2021-07-10,NETZ,94.0213187553,90.098755342,97.0340934879,94.2445937999,90.0596017069,96.9396618274
2021-07-11,NETZ,96.9980921078,94.920495907,98.628054244,97.2320209542,95.1729862922,98.5890240861
2021-07-12,NETZ,91.8043949856,89.1696007911,93.4772799619,92.301248951,89.3474826535,94.0087060622
2021-07-13,NETZ,79.7152270754,78.7655494695,80.3071995094,83.3614410215,81.4905098203,84.442819456
2021-07-14,NETZ,91.3029465105,86.9704880446,94.0482704241,93.25989491,88.8225437611,95.8243120993
2021-07-15,NETZ,92.2338536159,88.7466296206,94.4620055942,92.9281438239,89.6249029422,94.8328373179
2021-07-16,NETZ,90.9367602764,88.9155436008,92.2240806742,92.0984669082,89.8718705896,93.3950059923
2021-07-17,NETZ,94.9095562229,91.8718492211,97.3218238004,95.9279330253,92.9290470175,97.9281258024
2021-07-18,NETZ,93.3776334516,90.8974216735,95.3425193757,94.396829552,91.9266426368,96.0411813889
2021-07-19,NETZ,91.9047660272,91.0371415262,92.4476370566,93.5668387527,92.1611150138,94.3751910199
2021-07-20,NETZ,94.7185130837,91.9390607141,96.4591508165,95.4581256132,92.9848802053,96.8562384237
2021-07-21,NETZ,94.4474105774,91.7924284918,96.0943810648,95.2727116747,92.7350054823,96.6965111696
2021-07-22,NETZ,93.57079232,89.7036127184,96.0055585393,94.2868618131,90.6649365305,96.3455576737
2021-07-23,NETZ,94.1578416658,89.9595495945,96.7983439853,95.0059260478,91.2093193388,97.1601380809
2021-07-24,NETZ,93.1274979703,88.8017502677,96.631464236,94.4196578577,90.1490193607,97.3373913748
2021-07-25,NETZ,93.6879725557,90.2806243415,96.4517113512,95.5152398626,92.5222418234,97.5582551466
2021-07-26,NETZ,92.4978849989,89.3322343133,94.4708850709,93.3660756396,90.6196373015,94.9128606337
2021-07-27,NETZ,93.5767955076,89.5340220411,96.0966921236,94.3185778772,90.5485805875,96.4342338841
2021-07-28,NETZ,94.1735618446,89.5151387807,97.0943854195,94.7272888051,90.2238761447,97.2806403662
2021-07-29,NETZ,94.8978454968,91.4013011398,97.089310987,95.6460370782,92.3759297876,97.5003437415
2021-07-30,NETZ,94.5711865173,91.7364174111,96.3482320283,95.3090497739,92.8555604298,96.697953773
2021-07-31,NETZ,95.8718429339,93.7377586169,97.488877757,96.4617489354,94.1008987032,97.9667046317
2021-08-01,NETZ,96.2090508022,94.110298529,97.7995408627,96.9829240496,94.817950236,98.3546953233
2021-08-02,NETZ,94.1880738795,91.8563713245,95.6465051754,95.0322953178,93.0469885686,96.1547786013
2021-08-03,NETZ,93.0946888106,88.9346975577,95.6927523901,93.8190383486,89.9874959586,95.9813128918
2021-08-04,NETZ,92.2759212977,88.3318775316,94.7398761263,93.0007612174,89.2878413965,95.0945127907
2021-08-05,NETZ,93.6822714297,89.8566763605,96.0726079944,94.3857496875,90.9738371419,96.3106754678
2021-08-06,NETZ,93.9808917124,90.5959223866,96.0852292118,94.7727213311,91.6122012107,96.5531382014
2021-08-07,NETZ,92.7181421138,89.3226165715,95.3730562605,94.5653873647,90.9293916718,96.9699080655
2021-08-08,NETZ,95.9928778555,93.5932946824,97.8853780959,96.7692005026,94.2436683275,98.4430346435
2021-08-09,NETZ,91.9935139731,89.3245712181,93.660027801,92.4321362143,89.8176415382,93.9148071242
2021-08-10,NETZ,92.8116248921,89.0044362041,95.21008969,93.9029363485,90.4585060389,95.8653961307
2021-08-11,NETZ,94.2066871356,90.6685246518,96.4429310704,95.2061014462,92.170401582,96.9303562932
2021-08-12,NETZ,92.8172340665,89.9874307415,94.6000070261,93.6932967872,91.1678132059,95.1338743632
2021-08-13,NETZ,94.8589066371,92.3599665044,96.4336387455,95.2592900937,92.9326628291,96.5868125302
2021-08-14,NETZ,94.0766002531,91.29089636,96.2478955462,95.2840172246,92.4807232221,97.1287206647
2021-08-15,NETZ,93.6741221765,90.9830816715,95.7784569606,94.8732461757,91.7659865004,96.9331205881
2021-08-16,NETZ,93.9183558408,90.4966042046,96.122764572,94.7776918503,91.7459084248,96.5393871572
2021-08-17,NETZ,93.3753348303,90.7301437859,95.0687021943,93.9637082725,91.4159725491,95.4445162302
2021-08-18,NETZ,94.4269720307,91.57038657,96.2625602608,94.9601297913,92.2849918436,96.518361309
2021-08-19,NETZ,93.6388314607,90.4996674282,95.6501188478,94.0632239948,91.1329013624,95.7655288109
2021-08-20,NETZ,95.1742943383,93.2341653802,96.4155990648,95.5312260794,93.6710715219,96.6140862008
2021-08-21,NETZ,95.1822879189,93.4205958584,96.5487878083,96.2739700863,94.1967681288,97.6501566711
2021-08-22,NETZ,95.6173990488,92.9688828742,97.6596692299,96.6419043402,93.9779706417,98.37951488
2021-08-23,NETZ,93.0225727845,89.9540997088,94.9821104812,94.1359713152,91.3277185093,95.7622780329
2021-08-24,NETZ,94.4465314317,91.7590012666,96.1654320866,94.9181902368,92.2981003945,96.4369760178
2021-08-25,NETZ,94.1055534469,90.7791561746,96.2301025568,94.6937251603,91.5676385196,96.5026104001
2021-08-26,NETZ,90.113730881,85.3306418529,93.1297714088,91.2583374086,86.956359693,93.7077607624
2021-08-27,NETZ,93.5780029403,90.4767165492,95.5515726468,94.1516743882,91.3307119352,95.7769850945
2021-08-28,NETZ,94.7103197816,91.6764719885,97.0709584073,95.6699257253,92.6198748984,97.6774516089
2021-08-29,NETZ,95.1304265685,92.4697868891,97.181679285,96.1641655662,93.6300725323,97.8089381775
2021-08-30,NETZ,89.9147747876,88.3194816414,90.8564355091,90.7921713728,89.0684542027,91.7159902334
2021-08-31,NETZ,95.4766929255,94.004469097,96.3414741312,95.8519610353,94.390137233,96.6273887869
2021-09-01,NETZ,92.4192707077,89.7187077873,93.998562285,93.1013012415,90.7827149741,94.3223598951
2021-09-02,NETZ,91.5879628326,89.3847822467,92.8739753178,92.2215049244,90.1661925719,93.3038251996
2021-09-03,NETZ,92.8508513845,87.8739090071,95.7698705544,93.6400797731,88.9581115237,96.1090336666
2021-09-04,NETZ,93.9307688417,90.2082569282,96.6722728359,95.1259219434,91.6220375616,97.2837979148
2021-09-05,NETZ,95.5368603466,93.0057298832,97.3934087037,96.2616213163,93.6926869969,97.8432320496
2021-09-06,NETZ,91.679106796,90.2426310598,92.5205867313,92.2441389813,90.8238268136,92.9957781284
2021-09-07,NETZ,91.2647003546,87.1460083466,93.7703754173,92.1261219269,88.3769664418,94.1770404243
2021-09-08,NETZ,92.7200413713,88.917140951,95.099382742,93.28825886,89.8911286802,95.2066587351
2021-09-09,NETZ,92.9632641267,89.0228132804,95.4345675669,93.5371331437,89.9938750061,95.5419562583
2021-09-10,NETZ,90.9826412378,87.4695433945,93.1777445235,91.7017611632,88.4045655308,93.5729601755
2021-09-11,NETZ,94.8616665122,91.8814535218,97.1928467533,95.6788873058,92.6221063374,97.7078562018
2021-09-12,NETZ,94.4445980201,92.1286843577,96.2580235948,95.1114884507,92.7527561132,96.6751556493
2021-09-13,NETZ,93.3262033655,89.4941409434,95.7138165115,93.9687808973,90.3424412708,96.017077473
2021-09-14,NETZ,92.005748932,87.4848452144,94.8154749581,92.5733158733,88.2632758222,94.9970858825
2021-09-15,NETZ,87.719534837,82.200184297,91.1625783513,88.661893874,83.1919687426,91.7513666295
2021-09-16,NETZ,88.3006259767,83.8538132515,91.0613696785,89.0705506645,84.7963469644,91.4716528951
2021-09-17,NETZ,92.3572639206,89.3680167021,94.2067745908,93.3654099279,90.3122028894,95.0809929749
2021-09-18,NETZ,92.9253900252,87.9928960477,96.8188325747,94.0009300178,89.180148877,97.2177386522
2021-09-19,NETZ,91.4086168115,85.9294859275,95.7313490424,92.6389186215,87.5641270786,96.015882378
2021-09-20,NETZ,87.4732528809,84.7516276664,89.1771460904,88.2547812906,86.0995751973,89.4739999006
2021-09-21,NETZ,92.2326805415,87.5694959806,95.1569303443,92.8997607555,88.2204567903,95.5551491638
2021-09-22,NETZ,90.1418675223,86.2940674,92.5311417501,90.9094826396,87.3195527834,92.9287773561
2021-09-23,NETZ,90.0998028125,86.3128978444,92.4613217022,90.6827574552,87.0696781948,92.7233719812
2021-09-24,NETZ,88.641959487,83.668926642,91.7139804116,89.8065364654,84.9890945586,92.4959880242
2021-09-25,NETZ,91.4222989264,86.7039463405,95.2001987712,92.5569304445,87.97310923,95.6651767913
2021-09-26,NETZ,93.233164582,89.2450050416,96.3875201948,94.7021257301,90.4743092887,97.5426700591
2021-09-27,NETZ,91.0766960907,87.7260692772,93.1177323251,91.8827080023,88.4235269611,93.7848356014
2021-09-28,NETZ,91.2442575304,85.477355366,94.7765354366,91.8508307248,86.1856543228,94.970637475
2021-09-29,NETZ,91.1404874465,88.3850864694,92.7958605495,91.5695827827,88.6182386456,93.166469176
2021-09-30,NETZ,93.5955407067,90.2540209538,95.6905918257,94.0663695881,90.8820350164,95.8720416884
2021-10-01,NETZ,91.5135105288,86.5385680588,94.6065632051,92.3812429466,87.5717531138,95.0884077003
2021-10-02,NETZ,93.9533234272,91.121324672,96.1872620372,95.4365654246,92.8714492444,97.1410054822
2021-10-03,NETZ,93.6216747561,89.9343136359,96.5056595028,94.3515148123,90.578770037,96.8402233253
2021-10-04,NETZ,88.7577042294,84.7855799411,91.2362109292,89.8193876616,86.0785164732,91.9260450006
2021-10-05,NETZ,91.5194735652,87.132447652,94.2622136917,92.096002818,87.9148695442,94.4623381406
2021-10-06,NETZ,89.7762441839,85.2198982782,92.5941009767,90.8328203913,86.325049366,93.359780739
2021-10-07,NETZ,91.649752039,86.6939487087,94.7426115484,92.6133075098,88.1051104739,95.1462678835
2021-10-08,NETZ,92.4274431413,87.5425661409,95.3527079761,93.2809459147,88.9803731998,95.5750061883
2021-10-09,NETZ,95.7681743069,92.9478275014,97.7803992147,96.51911603,93.9776614088,98.0197165431
2021-10-10,NETZ,94.8261192872,92.384058891,96.57517078,96.0691780026,93.3680960678,97.6829161516
2021-10-11,NETZ,91.4071405837,86.2601759915,94.4789749772,92.3547157553,87.3457713388,95.0386190171
2021-10-12,NETZ,92.7967088534,88.9838834114,95.1777579623,93.4307312441,89.8678484436,95.4425606158
2021-10-13,NETZ,92.2312710714,88.9877610606,94.2470389134,93.1659202711,90.0176064354,94.9408035125
2021-10-14,NETZ,89.605714232,83.8548325663,93.1770808174,90.6085640576,84.7839714922,93.8940322338
2021-10-15,NETZ,91.2308329105,85.4104813977,94.6928487314,92.4067141323,86.9330111883,95.3151228525
2021-10-16,NETZ,87.9795337377,84.881189328,89.8870937029,89.4199742621,86.2663225893,91.0397163702
2021-10-17,NETZ,87.4632629898,82.9774890067,90.4344477164,89.6639996359,85.4721587893,91.954947809
2021-10-18,NETZ,91.2497714308,85.8392512108,94.49912101,92.1565429016,86.9820066883,94.9279818617
2021-10-19,NETZ,91.5921521058,86.9219340349,94.5101275286,92.2158220974,87.4803714872,94.8959138795
2021-10-20,NETZ,90.6996922943,86.4271868106,93.3674214488,91.3771996413,87.2438236839,93.7095939105
2021-10-21,NETZ,85.1497108563,79.2181072034,88.862057437,86.3246131385,80.301884513,89.7223240599
2021-10-22,NETZ,89.6532179135,83.4552094892,93.3287639083,90.8600516809,84.7970651876,94.0779764004
2021-10-23,NETZ,92.5875559801,88.4723787123,95.5629438293,93.8192968774,89.9101164521,96.1766891185
2021-10-24,NETZ,93.745788121,89.3313639466,96.9226889373,94.7819285929,90.3265797063,97.4514126175
2021-10-25,NETZ,91.8935357636,88.5264694508,93.912549832,92.5806659577,89.2338355811,94.381435333
2021-10-26,NETZ,89.2002092555,85.6260385022,91.4415333871,89.9549409676,86.4106017813,91.9601683983
2021-10-27,NETZ,87.9229371338,85.4698093013,89.4617491774,88.5962657007,86.3186329563,89.8876152364
2021-10-28,NETZ,91.8237786532,88.9339923146,93.6314243222,92.3492988173,89.5013645243,93.9622741011
2021-10-29,NETZ,93.7015157846,90.6986127338,95.5783985435,94.2099389847,91.3974957727,95.8026152562
2021-10-30,NETZ,91.5833294661,87.7501673549,94.4323400901,92.1992028989,88.1644710852,94.7224182031
2021-10-31,NETZ,95.3071579965,93.4062350157,96.722641361,96.0799578645,94.1671732897,97.2855579289
2021-11-01,NETZ,89.5180346271,85.5050688064,92.034313011,90.0876200177,85.9612604499,92.432352093
2021-11-02,NETZ,87.3815782276,83.6641634954,89.7272159635,88.6492150208,85.2201875594,90.5936341213
2021-11-03,NETZ,85.1880296595,80.0085787194,88.4216166703,86.0481513468,80.8511778546,88.9800652784
2021-11-04,NETZ,87.2822198645,83.1474478842,89.8797539459,88.0625482828,84.4292789171,90.123006594
2021-11-05,NETZ,90.7414745655,88.7144699943,92.0165642391,91.5139376353,89.6246536763,92.5911725792
2021-11-06,NETZ,94.9141091552,91.1361626267,97.7548959751,95.9302733972,92.2521697966,98.2318890336
2021-11-07,NETZ,95.8293526178,92.5812487886,98.207492791,96.2771114847,92.87834976,98.3625404292
2021-11-08,NETZ,90.7303915501,88.9428173561,91.8599159785,91.6849457134,89.9864599343,92.6563473825
2021-11-09,NETZ,87.7315021811,81.7460207694,91.39872297,88.833858127,83.0524817907,91.9859799019
2021-11-10,NETZ,89.0646163818,83.1297691139,92.623807802,91.209812683,86.5416593758,93.6547533145
2021-11-11,NETZ,89.9932732078,86.9025151278,91.8214832257,91.0543364053,88.3733661225,92.4662759848
2021-11-12,NETZ,89.0982122941,83.5393132754,92.4658521502,89.6271669911,83.4945395793,92.9925851233
2021-11-13,NETZ,91.9710583827,89.0873285772,94.1764387532,94.033853115,90.6605386208,96.2083589317
2021-11-14,NETZ,94.1500810539,89.6972032807,97.6094485429,94.753612542,90.223035103,97.6969765857
2021-11-15,NETZ,92.7690651163,88.2861966255,95.488299924,93.0907301073,88.5152342189,95.5865660269
2021-11-16,NETZ,90.8682337805,85.6147279134,94.0893143405,91.4731679112,86.3429225933,94.297909724
2021-11-17,NETZ,90.565223145,86.6114556319,92.9904056221,91.113149381,87.0336005593,93.3761943076
2021-11-18,NETZ,92.6511722152,88.7523421401,95.0532422605,92.9982661978,88.9816167806,95.2301063429
2021-11-19,NETZ,88.0482213189,81.6019773339,92.0149730762,88.5910735589,81.7436526729,92.402267691
2021-11-20,NETZ,92.6914160884,87.7307804738,96.4991664636,94.0622623748,89.0884692505,97.2469195867
2021-11-21,NETZ,93.445765464,88.8061666691,97.2199218161,94.5361709703,90.0066794878,97.6101986712
2021-11-22,NETZ,82.3716604225,76.563119804,85.9600865892,83.204773493,76.8750176857,86.7329086554
2021-11-23,NETZ,91.0597631627,86.9908660249,93.5446418678,91.7667190815,87.8280392862,93.9285556169
2021-11-24,NETZ,91.8096152947,87.8701253725,94.2727919604,92.610738855,88.9621442262,94.6636372534
2021-11-25,NETZ,88.7098284544,84.9114972432,91.1126874455,89.8881727622,86.7219889585,91.6830398678
2021-11-26,NETZ,85.9837930638,80.6412085714,89.3428831512,86.5389594202,81.2955223748,89.5170187628
2021-11-27,NETZ,95.5752116491,93.0462445857,97.599774929,96.3078425123,93.919810634,97.9167844502
2021-11-28,NETZ,92.2848852273,87.8644940868,95.8107125221,93.1554684315,88.6552439079,96.1760942239
2021-11-29,NETZ,91.5030675649,90.5554216094,92.0982884486,91.9697729807,91.0192888928,92.5104026736
2021-11-30,NETZ,83.9064076649,80.0271452517,86.3444512397,84.9052793261,81.4374586352,86.8751754707
2021-12-01,NETZ,86.2252663733,81.172902416,89.4134065943,87.1123113313,82.3397059607,89.8305142155
2021-12-02,NETZ,88.2340131385,84.0645205527,90.8341719437,88.8895693076,84.9232744939,91.1205294385
2021-12-03,NETZ,93.0002796158,91.1291742762,94.1791557627,93.8641508578,92.4300517714,94.6797778614
2021-12-04,NETZ,93.6621182812,90.5469664256,96.1241431563,95.0406849354,91.8987135949,97.1463118663
2021-12-05,NETZ,95.4332025064,92.6467118743,97.6567454849,96.4308911037,93.9578881376,98.0905866757
2021-12-06,NETZ,92.5596837869,89.1602904571,94.7010047296,93.1862389565,89.5574387635,95.2598460606
2021-12-07,NETZ,91.12905768,87.6936062625,93.2827540599,91.9241861485,88.8011850158,93.6822430871
2021-12-08,NETZ,83.9177720929,79.1223073186,86.9366218567,84.9486156673,80.5537707404,87.453893932
2021-12-09,NETZ,89.4206489522,85.9201308847,91.6158942617,90.7503893208,87.4933669652,92.59375537
2021-12-10,NETZ,73.900814237756,62.9076435371786,80.6742510420364,75.9791870646388,64.3369162821702,82.4559899216169
2021-12-11,NETZ,93.4468726390062,90.3658325227075,95.8935912332208,95.1795840784451,92.0967203818065,97.2420603175487
2021-12-12,NETZ,94.7747260839422,92.1228593887773,96.8684816861278,95.7347938219406,93.0592219746371,97.528243553994
2021-12-13,NETZ,90.5071040697949,88.5323302388573,91.7483991075786,91.5325694171416,89.810117205282,92.5209443662924
2021-12-14,NETZ,88.5700588738146,84.7534674591348,90.9545919388601,89.2107391508283,85.605426059406,91.2548997255238
2021-12-15,NETZ,90.6022193496264,87.4271760449035,92.5931424881054,91.1510206158851,88.0087173829308,92.9442524801061
2021-12-16,NETZ,93.1705769985374,90.0719662979567,95.1047028938628,93.7289078518381,90.7079044120114,95.4413876778192
2021-12-17,NETZ,92.5298801858137,89.5280207264176,94.4139336911514,93.2442342300356,90.341573039754,94.8985134111765
2021-12-18,NETZ,95.8039824485829,93.090731050041,97.9608241369507,96.7964498999964,94.4711523294496,98.3599644682611
2021-12-19,NETZ,97.1854209301695,95.0442901136268,98.8799448091436,97.6968130844604,95.8101118928162,98.9632441731434
2021-12-20,NETZ,92.5707593055501,90.4244881861404,93.9215161224123,93.0635566849484,90.9203543599341,94.2932625985825
2021-12-21,NETZ,94.6367593061998,91.4323531728694,96.6345879595768,95.5097812300083,92.6717457603267,97.111051179215
2021-12-22,NETZ,95.3704651636354,93.6328319964226,96.462904092938,95.8054613297842,94.3736097074683,96.6238333522828
2021-12-23,NETZ,94.8124445353094,92.6188159584926,96.1788091115429,95.7658935583689,93.8402755837273,96.8547973714154
2021-12-24,NETZ,95.4796248418831,93.078602100848,96.9843441786496,96.0313613972587,93.7578536860174,97.329272075815
2021-12-25,NETZ,97.7517018632765,96.6193736707306,98.645173592773,98.1522566925252,97.0508264289434,98.8907658960056
2021-12-26,NETZ,96.8395268438095,94.3379433871708,98.8207216599208,97.605109420449,95.5204464490859,98.9976346799872
2021-12-27,NETZ,96.4125379309419,94.4257091080432,97.6450696043473,96.7243828382929,94.8620506460266,97.774747930342
2021-12-28,NETZ,92.9449367008778,89.8099913032534,94.8829662895196,94.1956424695003,91.4475235184992,95.7349066828329
2021-12-29,NETZ,94.7590295920554,91.8446224624899,96.5634576594054,95.3288285905035,92.542471838794,96.8971987296071
2021-12-30,NETZ,93.5313238052492,89.704537286947,95.8910534490354,94.4654748003111,91.4007435387335,96.1696487885974
2021-12-31,NETZ,97.0451108547594,95.5959176952456,97.9442097620076,97.5727727724768,96.2293668220486,98.3305373430777
2022-01-01,NETZ,96.4089969454555,94.5374336699966,97.8803068110548,97.2741432850078,95.4327297170966,98.5036737757334
2022-01-02,NETZ,97.0550116246387,95.5151076632092,98.271737539577,97.7941413955331,96.3405101956696,98.7712632700229
2022-01-03,NETZ,96.4971222735653,94.7583164108737,97.5875643685604,96.9666309779802,95.2932049628811,97.9220053080436
2022-01-04,NETZ,95.7639753154796,94.189316454694,96.7520634643647,96.1111858481405,94.6880834790025,96.924623144089
2022-01-05,NETZ,93.635567950058,90.1644224694353,95.7988495942115,94.99746913114,92.2949128046508,96.5164805663011
2022-01-06,NETZ,95.3050666262391,93.1582626044721,96.6541618769414,95.8423001843663,93.8346405714239,96.9902251662582
2022-01-07,NETZ,93.5262149853673,90.148226845544,95.6389989088104,94.0974305330678,91.0192462310537,95.8441029639871
2022-01-08,NETZ,94.8026973982696,91.3984436088398,97.5208999121185,95.6407376877526,92.4021421364518,97.8404029806413
2022-01-09,NETZ,95.1207115225816,94.2161007751487,95.832440010801,96.6238486094794,94.881088935037,97.8093781305697
2022-01-10,NETZ,94.2306790165058,91.8638644754817,95.727646718297,94.7181061283591,92.5918300192575,95.9388561775217
2022-01-11,NETZ,93.8404939634663,91.7180153783451,95.1927246006329,94.4164650848493,92.5743982478912,95.4833660422299
2022-01-12,NETZ,95.3920581354996,92.4523803790086,97.2654503358305,95.8255362229639,93.129840368197,97.3863084559545
2022-01-13,NETZ,92.506469585852,88.995263556284,94.7590855060809,93.1909880860493,89.7757552643594,95.1795675379753
2022-01-14,NETZ,89.4250239949472,82.1407644478783,94.1181663606663,90.4235347651859,83.3636456725037,94.5525989590071
2022-01-15,NETZ,96.6364297684654,94.5750076661302,98.2875476080674,97.2037688135289,95.2480382539146,98.5380026316534
2022-01-16,NETZ,96.2733520250306,94.2965628956794,97.8452163915786,97.0009653652794,95.0435238857656,98.3239312996021
2022-01-17,NETZ,95.3480528239261,93.4843367515114,96.5357374252249,95.6912771623587,93.8334552162188,96.7682714798276
2022-01-18,NETZ,93.0591400910189,90.4830582765973,94.6880554422684,93.8283837961759,91.2373698084736,95.3225851110896
2022-01-19,NETZ,94.8108251524209,92.0974820686838,96.5423612052466,95.2222122451012,92.7222664175652,96.6708890880984
2022-01-20,NETZ,91.8271918578634,89.6374897284449,93.216505185199,92.1466816588775,89.7882880785307,93.511181892845
2022-01-21,NETZ,94.6975098366562,91.7385000299002,96.5980453535784,95.3211134014815,92.5773004139207,96.9223974288439
2022-01-22,NETZ,96.7840944541443,95.1822501581001,98.0531012925527,97.2619756222919,95.7312678150713,98.289088240198
2022-01-23,NETZ,97.262650068945,95.4844363239177,98.6197603899704,97.7870888491512,96.1878205088537,98.8105737055162
2022-01-24,NETZ,93.8520751214312,91.9029003071466,95.1041192821616,94.5293406467686,92.63456363495,95.637996617668
2022-01-25,NETZ,94.4295686738796,91.8190649428854,96.1043207024577,94.9545832105214,92.5154040923832,96.3790432925281
2022-01-26,NETZ,93.0966623619052,89.9627353098222,95.0998416493752,93.817386064657,90.8511325485343,95.5394249151248
2022-01-27,NETZ,92.9085015094127,89.4632371368021,95.1091472558324,93.5833796049024,90.3068877837806,95.4831999514459
2022-01-28,NETZ,94.070020731268,92.4230812232775,95.1179868115357,94.5846478384051,93.1902513128027,95.3909209827323
2022-01-29,NETZ,97.2106389684365,95.0817270142919,98.9050986898516,97.5672485252214,95.4065138947664,99.0324053552516
2022-01-30,NETZ,95.7433085912258,92.1920445726929,98.4830266920846,96.3743599441249,92.9480453793857,98.6002883736212
2022-01-31,NETZ,90.607935414206,86.94745699585,92.942205076849,91.4928367504983,88.3675930372971,93.2903648808485
2022-02-01,NETZ,91.1521841077566,87.5557867385145,93.4345934860982,91.9615057293843,88.5296181589416,93.9401520316802
2022-02-02,NETZ,92.0062582063875,87.9972559484515,94.5657568732618,92.3570153423748,88.4250730295501,94.6409325752916
2022-02-03,NETZ,93.5652507668854,89.8886700311382,95.8886784877507,94.0397695902461,90.3856960229181,96.1422539936036
2022-02-04,NETZ,93.8947313896505,90.924722167145,95.8014769584888,94.5690525514789,91.9767010529588,96.0792756584586
2022-02-05,NETZ,95.9505180678722,93.681896529672,97.738691734859,96.6302188434303,94.4789956230095,98.0690379664091
2022-02-06,NETZ,95.5104800748967,92.5385550582513,97.7491398125433,96.0067779884203,93.2226801954573,97.7728731907959
2022-02-07,NETZ,93.1261948383469,90.4227855866454,94.8467518744642,93.679785079427,91.1013609193154,95.1736821738137
2022-02-08,NETZ,93.1733725797203,89.9232361719838,95.2437958048707,93.9215420309193,90.8482216814928,95.6964966746986
2022-02-09,NETZ,94.213479380828,92.4999394971867,95.304813112088,94.5802902109886,92.9760123400392,95.5096539599831
2022-02-10,NETZ,93.169736561496,90.7687159617425,94.7070949435526,93.5821274631975,91.3246652598918,94.8956984253688
2022-02-11,NETZ,90.8440980055496,87.4050770669916,93.0241470089396,91.3183089938719,87.9325038359692,93.2726115002325
2022-02-12,NETZ,95.7062758675376,92.4143774421073,98.3474655819243,96.4018259151723,93.2800006065327,98.5251695096941
2022-02-13,NETZ,96.1090207187517,94.0701889107002,97.6544845339838,96.815174626446,94.7454681611666,98.1427967655089
2022-02-14,NETZ,92.2812056895891,87.9378553263252,95.0389236493039,92.794532251698,88.4789879049841,95.2909041108476
2022-02-15,NETZ,94.2733296237571,91.9466878572649,95.754781587308,94.7319381166052,92.4302068638339,96.0659081712179
2022-02-16,NETZ,91.2503564308679,87.1156060079368,93.8514251809662,91.7236039196545,87.6905042818123,94.0327399991331
2022-02-17,NETZ,92.3121926192127,88.3639211667775,94.8149546644391,93.1182384595993,89.2650859228821,95.3298132837736
2022-02-18,NETZ,95.0408369870746,92.1460496710142,96.8255875778773,95.8493635320365,93.4462591642987,97.1894009791118
2022-02-19,NETZ,96.0040656768784,93.1642000419442,98.2294603206075,96.6745895574652,94.1347684324697,98.359710239564
2022-02-20,NETZ,96.8059212169278,94.9401654602616,98.2518633998493,97.412217809956,95.6266386491374,98.5862635072477
2022-02-21,NETZ,91.0816524107645,87.4147973474172,93.3340583875266,91.7223485063627,88.1943802852778,93.6890412775999
2022-02-22,NETZ,93.0350616127068,89.5667587156074,95.1749349228509,93.7429431195148,90.6266929206509,95.4812310591525
2022-02-23,NETZ,94.3650655194832,92.7842376319037,95.3332830500583,94.9254941366147,93.3452769909212,95.8077763505057
2022-02-24,NETZ,91.8912981083396,87.3619353377947,94.6927029834446,92.5950641986717,88.1471949944179,95.0854729850489
2022-02-25,NETZ,94.316702489047,90.3510118766313,96.7460344529373,94.91841358305,91.1760811889172,96.994618292979
2022-02-26,NETZ,94.3102120523988,90.3412826660836,97.4076470081748,95.3943793330358,91.6603728016859,97.8560263330902
2022-02-27,NETZ,96.6400728464607,94.3709407124252,98.3966667396307,97.131157237726,94.8971995950513,98.6008803668233
2022-02-28,NETZ,92.2340281467182,88.4459319012954,94.5608541366617,92.8461446328036,89.029382247336,94.9813570681421
2022-03-01,NETZ,92.7092635502247,89.6012830381877,94.6082222744835,93.3837935580962,90.2552884317209,95.1250403839232
2022-03-02,NETZ,94.4914326417523,92.3694792181944,95.7883446765965,94.8539074299746,92.6714868241422,96.0696218387361
2022-03-03,NETZ,94.6834547895518,92.5450195664422,95.9913512347345,95.3464754462003,93.4597285250517,96.3978480782351
2022-03-04,NETZ,95.0281732717535,92.7501136472709,96.4147822014955,95.5937331610368,93.3766272835495,96.8238114364426
2022-03-05,NETZ,94.618054777328,91.4421202393046,96.9527437907204,95.4491848240281,92.0830524455756,97.5608199895082
2022-03-06,NETZ,96.7439636525468,94.189478519394,98.6658350174262,97.212808540214,94.8439091913759,98.7267287401996
2022-03-07,NETZ,93.1739845552725,88.1113683599204,96.3532552046802,93.7843991889329,88.6834141924053,96.6828281241886
2022-03-08,NETZ,94.44590385765,92.332330895447,95.7852546597371,94.9528411441026,93.0861766017701,96.0272652960097
2022-03-09,NETZ,93.3268860138399,90.3784476576315,95.1978598840266,93.8706828888125,90.9783578159629,95.5405264250294
2022-03-10,NETZ,94.0974989066576,91.3032698148259,95.8625929861138,94.6141776329549,92.0657353801556,96.0758931928301
2022-03-11,NETZ,93.5822789929748,90.9749867048873,95.225284586848,94.5714862003674,91.9883939064899,96.0528507852607
2022-03-12,NETZ,96.0718222110131,93.1433161811471,98.4247793374988,96.7395461502959,94.0230811794322,98.5877758447672
2022-03-13,NETZ,95.6334250387278,92.7835062295647,97.9187307495812,96.2774524161333,93.7738694405586,97.9765803062981
2022-03-14,NETZ,95.1189393997144,93.6229841076044,96.0679083986166,95.5002310446281,94.3348096096856,96.1713352109241
2022-03-15,NETZ,90.5477632525004,86.8117378443698,92.9211646657074,91.3198451336992,87.7003513057523,93.4068355354195
2022-03-16,NETZ,90.1037913362046,89.8632677478883,90.2522078007263,91.5781248832396,90.4794709678051,92.2046681427287
2022-03-17,NETZ,93.53529404154,91.8439814830154,94.6080825529165,93.9707765247013,92.5414885239809,94.7943105568603
2022-03-18,NETZ,93.8832035942161,90.8849370044605,95.7761077291061,94.555705113952,91.61369635547,96.2435639555571
2022-03-19,NETZ,93.9570499179957,90.0535201738669,96.9190838190613,94.6914176371378,90.8402371059526,97.1420597074496
2022-03-20,NETZ,96.0081776466372,93.2737297448778,98.0798613876214,96.7463176135292,94.0505038630053,98.4582494553267
2022-03-21,NETZ,94.6675621467079,91.5613085597014,96.6375170455622,95.1150356820295,92.2798196835333,96.7473677268476
2022-03-22,NETZ,92.8126014520319,89.705678741981,94.788880979117,93.3225093366419,90.3180925513629,95.0591545885074
2022-03-23,NETZ,94.5832108724596,91.8455123097246,96.3262693135099,95.1384783994665,92.7035677817838,96.5433076045051
2022-03-24,NETZ,93.843154487991,90.2726920143286,96.0998052823363,94.3202816785838,90.7914699110534,96.3512880974801
2022-03-25,NETZ,94.7375517243843,91.7301311283911,96.6317942288475,95.2108898683308,92.3756692681774,96.835412200442
2022-03-26,NETZ,95.432954807249,92.5725357042272,97.6939990974145,96.1005273071033,93.3417742449307,97.9457342706646
2022-03-27,NETZ,96.2163342168272,93.6168361267318,98.2684184389855,96.742717321901,94.2100450040448,98.437370104162
2022-03-28,NETZ,92.9975592194272,89.2114595179985,95.3921877469238,93.7386987492813,90.1193551492071,95.8226851215086
2022-03-29,NETZ,94.8461612008966,92.8329420627091,96.1316445040287,95.4596985495327,93.7563024796739,96.4460707632187
2022-03-30,NETZ,91.0119294977693,87.2888139122336,93.3679189991809,91.6743159325329,87.892159335793,93.8505435875918
2022-03-31,NETZ,91.7643753182293,87.8337181569852,94.2669077314088,92.423419098856,88.6469477158423,94.605146282166
2022-04-01,NETZ,86.6427707730696,82.0348046330588,89.5610909604986,87.3283789763186,83.0780212284539,89.7753051882207
2022-04-02,NETZ,95.2782466366571,92.242367995523,97.5442187500953,96.1358207087023,93.4869930093532,97.8052931741123
2022-04-03,NETZ,93.5160571379101,88.1958837045691,97.4649887872828,94.5512678569431,89.3476357125699,97.8088893000769
2022-04-04,NETZ,94.3759642340755,91.4793645738653,96.2161386110209,94.9257410703968,92.2235673564063,96.4850628583223
2022-04-05,NETZ,91.1111250413162,86.0675950156069,94.3106012780874,91.6623628658302,86.8227947726476,94.4477103520139
2022-04-06,NETZ,93.0563659311787,90.2374684496946,94.8361336265278,93.3377768042429,90.337229840704,95.0643289385005
2022-04-07,NETZ,89.8358292684989,84.470536834905,93.252050871074,90.452799074164,85.381761554373,93.3780209639323
2022-04-08,NETZ,87.7710192368956,80.5082602001518,92.3864255086607,88.8081268529851,81.8418561985236,92.8220457382056
2022-04-09,NETZ,95.2832531371256,93.0308116660092,96.9663077616818,96.4405511052808,93.8677992516335,98.0897136557878
2022-04-10,NETZ,95.1644636425738,93.342209966945,96.5266123919379,95.9701534137272,93.8688155957899,97.3141957715491
2022-04-11,NETZ,92.1695015467519,87.8637325958302,94.8943032526033,92.9944550332623,88.8957467682581,95.3506026767267
2022-04-12,NETZ,94.7619658988631,91.7029826163324,96.6895999701901,95.2772599187168,92.2244544672936,97.0277381172633
2022-04-13,NETZ,89.8868356992895,85.0084024063477,92.9969382645385,90.9146700193178,86.398289808567,93.5221767288243
2022-04-14,NETZ,91.7120677911329,87.478051311484,94.3958699817186,92.4886888425423,88.5599396308217,94.7503003114033
2022-04-15,NETZ,95.9893703307147,92.9829820038033,98.3665069555267,96.4551596722947,93.3646590133457,98.5293860307825
2022-04-16,NETZ,97.0263468908383,94.7649405058505,98.8291399140012,97.6209318857302,95.5508820430834,99.0212375863562
2022-04-17,NETZ,97.0774198653849,95.1496493883285,98.6058019807665,97.5989895116999,95.819821181321,98.7941549818153
2022-04-18,NETZ,93.2663781871219,88.5297087116192,97.0803510043858,94.5678573767201,90.2312850498186,97.508419574617
2022-04-19,NETZ,96.6674425420626,94.126901860773,98.2193525195798,96.9892838633113,94.6162485012318,98.309482413135
2022-04-20,NETZ,94.919580236744,92.1377556404394,96.6174760802126,95.3777281938289,92.7157771646697,96.8586223915207
2022-04-21,NETZ,93.6769060968953,88.6112796742363,96.7867757686937,94.0126168931131,88.9978987411249,96.8064131954956
2022-04-22,NETZ,93.2638051032415,89.0963369362438,95.804834559786,94.0080310188162,89.7530346373849,96.3786800079268
2022-04-23,NETZ,95.7462167974145,92.6703191455254,98.126021906443,96.2890214312148,93.3108280981847,98.2377899480253
2022-04-24,NETZ,96.0396201007217,93.2528222477912,98.1655866709744,96.4931320583273,93.8160310369555,98.226066378136
2022-04-25,NETZ,91.9158188122121,88.2997402567443,94.124460575026,92.3393522834536,88.7676360959081,94.3279386488918
2022-04-26,NETZ,91.5402965263416,87.9843833388353,93.7092675808843,91.9933819023095,88.2864516080889,94.0525506482773
2022-04-27,NETZ,94.3395817480639,91.5585508038054,96.0415167834697,94.9738149474046,92.1132758751473,96.5713986555511
2022-04-28,NETZ,92.9374695732288,89.4057750038466,95.0937083313222,93.6716957244274,89.8968153454738,95.7800019481558
2022-04-29,NETZ,95.0126928729503,91.5423923426363,97.1434034993105,95.421929210411,92.2116918762717,97.2170587985595
2022-04-30,NETZ,89.8822636503959,82.7413634161521,95.1478090307222,91.2532891535952,83.7286663984589,95.9065002729707
2022-05-01,NETZ,94.4082695906056,90.9556170544284,96.9482914058118,95.0624614843444,91.7185293234502,97.1306368889195
2022-05-02,NETZ,92.8395916344334,90.5936789789443,94.2394716569178,93.1191068951919,90.9913076892501,94.3276887993403
2022-05-03,NETZ,93.9937932946056,91.0575151774946,95.8416199363012,94.6791129707511,92.2144211286955,96.0840988521237
2022-05-04,NETZ,92.0333797630427,87.0165820755881,95.204959873127,92.6537753997358,87.9847501033406,95.3235666324284
2022-05-05,NETZ,85.8475631792005,80.7181812205774,89.0452251419415,86.7976874223737,81.8532866911355,89.6141511501686
2022-05-06,NETZ,88.7643816483028,86.6715865427848,90.0856470665155,89.4870543214164,87.6139216145185,90.5669526969777
2022-05-07,NETZ,95.0868036805207,91.5654877686505,97.9143333714338,95.7431990560501,92.3370088462051,98.0451358679417
2022-05-08,NETZ,94.8020649200205,90.5098657566893,98.2464238253664,95.6169905663762,91.4365726694085,98.4319378658554
2022-05-09,NETZ,92.3190458115138,88.3955768143988,94.8032972314072,92.9147660948773,89.1903661303593,95.0502783445974
2022-05-10,NETZ,93.2171602052086,89.0530872609028,95.8516682933949,93.7745178062687,89.7797602616821,96.0689091394404
2022-05-11,NETZ,90.3111399402237,86.244135552874,92.8833081160188,91.1264714925372,87.4796684363262,93.214596852017
2022-05-12,NETZ,90.7826967535351,87.4682532534172,92.8783349318468,91.5378162036241,88.4667412847084,93.301326552077
2022-05-13,NETZ,92.2469485090144,88.6807634756783,94.5087147563514,92.9914615171705,89.7110431264611,94.8768532298189
2022-05-14,NETZ,95.1638849776115,91.9509055279269,97.6535726011373,96.1270277762158,93.0564802660404,98.1225728430991
2022-05-15,NETZ,91.4009972588345,87.0688201382344,94.7351500884008,92.5940872227575,87.7029073748954,95.7677848361514
2022-05-16,NETZ,89.6397312135053,82.2047605246163,94.3716980435033,90.9767275624357,83.883014441904,95.0639484606581
2022-05-17,NETZ,88.6213398039468,84.7642725485345,91.0636843813539,90.3229078968657,86.4352559225081,92.5667208206527
2022-05-18,NETZ,90.5304522511577,86.3005256556455,93.2189472872339,91.5813854537102,87.7585180054767,93.782648454456
2022-05-19,NETZ,89.6336062443368,83.9201552131183,93.2749899341619,90.3026324542475,84.6943072637627,93.533093595609
2022-05-20,NETZ,89.2084426915707,85.215357602012,91.7323152269294,90.0792980764154,86.4893366546908,92.1441475436741
2022-05-21,NETZ,95.7517071023498,93.6641466621294,97.412085189474,96.6051799651342,94.5733887969962,97.9780266018936
2022-05-22,NETZ,95.2302372552941,91.6399472470338,98.0954243934662,95.9428767755604,92.5146048921694,98.2595331990086
2022-05-23,NETZ,90.8758434024195,87.1665493988776,93.2261654276639,91.8422957170355,88.7226708607874,93.6348524893842
2022-05-24,NETZ,92.0776407915362,88.5637966931509,94.2973696753057,92.7814163205264,89.700350618453,94.5446736128184
2022-05-25,NETZ,93.2284131944522,90.265140804248,95.0980832865807,93.9713133899928,91.2449575093998,95.5339660219715
2022-05-26,NETZ,94.651716455398,90.5471255186335,97.7862028902063,95.3712572563726,91.4297711705291,97.9141877678532
2022-05-27,NETZ,94.3773532270449,91.6247568506994,96.0479681964338,95.0685519672757,92.8783303480509,96.2702985290444
2022-05-28,NETZ,95.5029657035289,92.7199110408662,97.6096456517991,96.4871169119868,93.6113388734786,98.3391185082917
2022-05-29,NETZ,95.1469977953301,91.5465401392504,97.8799974935022,96.0913470219167,92.837104297313,98.1853434699089
2022-05-30,NETZ,93.6639782581531,90.4167194465837,95.6943530496399,94.2232566758954,91.1972704546648,95.9415001651089
2022-05-31,NETZ,91.4782003833189,88.361872786461,93.4237187562435,91.9921305272974,89.2657935637526,93.5398842828847
2022-06-01,NETZ,91.6237063646345,87.4872755197192,94.2206126724698,92.2809202375693,88.496396528559,94.4367939052897
2022-06-02,NETZ,90.5837328140619,86.9150791452854,92.8661163719473,91.8962022148527,88.065098787052,94.0688054562282
2022-06-03,NETZ,92.9541998352351,88.6906365166575,95.6385028311167,93.4419874076872,89.4100095563097,95.7522666991167
2022-06-04,NETZ,86.3998601624915,75.4734342770499,94.9010837396129,87.9573760845415,76.9971297100172,95.1155549338789
2022-06-05,NETZ,96.0669149705119,92.8783966620221,98.5212269322,96.8952213725266,94.0557950555448,98.7365393321505
2022-06-06,NETZ,95.1672705640035,91.8313796545976,97.7163479419795,96.0270199484753,92.8949228827718,98.0550215511917
2022-06-07,NETZ,92.011278663365,87.6193715221588,94.7625042658978,92.3981137949425,88.1718822644347,94.8067579212513
2022-06-08,NETZ,93.2448046249218,89.400900961081,95.6543817561229,93.7533743029711,90.1429022563251,95.8120808987626
2022-06-09,NETZ,90.808275687983,88.2826715715298,92.3907151921006,91.3413103775404,89.0007313761081,92.6759431572023
2022-06-10,NETZ,92.2856038603664,87.4211512229061,95.3366556638401,92.9800664821817,88.5391809211148,95.5090369336778
2022-06-11,NETZ,94.0694722657091,90.4632637543875,96.9521096307701,95.1575300695855,91.876742858084,97.38020795379
2022-06-12,NETZ,94.0880886906166,90.0687756752639,97.2746649921737,94.922687622191,91.0028999307042,97.5634552071565
2022-06-13,NETZ,90.2029793684143,85.2097200742684,93.3358666481884,91.7558792213505,87.167983769407,94.3636489064945
2022-06-14,NETZ,92.9257000047524,89.1328953674216,95.2924739285199,93.4361597017347,89.7691376427951,95.5239317108789
2022-06-15,NETZ,92.5294183500059,88.5572858130628,95.0183155293353,92.9611944898369,88.99403133283,95.2246706614273
2022-06-16,NETZ,91.7458695999946,86.2161493553753,95.2139211514345,92.4412211946853,86.7041798924844,95.7144197269075
2022-06-17,NETZ,92.6186344315793,87.3292562518783,95.9472109922248,93.3361495772777,88.2433706912471,96.2487353231342
2022-06-18,NETZ,87.4288803752074,80.1757884506533,93.1118393033909,89.0526795532346,81.388272518212,94.1668075950153
2022-06-19,NETZ,89.5325874948051,82.7706064274555,94.8404737601911,91.1083177959897,84.4751446557,95.5145319210295
2022-06-20,NETZ,89.8871893465042,84.0350010421724,93.5035821276245,90.9979802604641,85.3520205187078,94.1769631008631
2022-06-21,NETZ,88.8059329771209,86.6127790370497,90.1553944692845,90.1242015038825,87.7783545179883,91.4493034242763
2022-06-22,NETZ,89.7744158246251,84.3544291436299,93.1280794972856,90.6304889647654,84.9589184922076,93.8394249952045
2022-06-23,NETZ,89.0790217898667,83.9859527612474,92.2600760452777,90.0640243280327,85.0488312559028,92.920038935639
2022-06-24,NETZ,87.7403136502931,83.1268469844893,90.61441389504,88.3116648683301,83.7971019353814,90.8775378516931
2022-06-25,NETZ,93.0542522801303,89.3111558673337,95.9186018198968,93.9996524659296,90.1013879400084,96.5488362035973
2022-06-26,NETZ,94.20668243458,90.1452681771409,97.2694627553483,95.201901389728,91.2024388594903,97.7667335809745
2022-06-27,NETZ,92.5671477694679,88.7516663842155,94.9350074686335,93.0689840658203,89.3646276825042,95.1611184422999
2022-06-28,NETZ,92.1597994717243,88.5069624461832,94.4356291140549,92.860241886818,89.761558654272,94.612716189734
2022-06-29,NETZ,90.3615776959791,86.4020130320984,92.8282941357063,91.233320705314,87.635082113817,93.2654095529361
2022-06-30,NETZ,92.4661266004666,88.8858177089439,94.6810494958413,93.1182818896448,89.8163670384577,94.98078409074
2022-07-01,NETZ,90.1587925385418,85.2111514328685,93.2282399532068,91.4925298613039,86.7325572480833,94.186497645273
2022-07-02,NETZ,95.162823502179,92.8506971465295,96.9665989772198,96.2138659222244,93.5768665590445,97.9758136565455
2022-07-03,NETZ,94.7762304113716,92.5107935200344,96.5285580732103,96.1465458684136,93.3656042270269,97.991722146778
2022-07-04,NETZ,89.7645434511436,84.4280586381568,93.1211080905307,90.7156563325903,85.7535035628942,93.5457823883892
2022-07-05,NETZ,92.0057623816704,86.7180324187067,95.316903909854,93.0431642937674,88.0493517002732,95.8836941837172
2022-07-06,NETZ,92.9799711479011,88.4189242589808,95.8264987641223,93.5626806927126,88.9914580840833,96.1547815325055
2022-07-07,NETZ,93.876626868466,89.9016879853874,96.3477432666919,94.2910542991363,90.3543273630937,96.5187444634777
2022-07-08,NETZ,94.5473826660639,91.8318436524657,96.2466686080198,95.3188840825118,92.8838819121596,96.7023557116055
2022-07-09,NETZ,94.8316128980838,91.4824078581419,97.5318762059496,95.4685453822291,92.3700966534908,97.5788580898587
2022-07-10,NETZ,90.2685626673994,86.1061315420306,93.5758624963416,92.092140911156,87.7975126741114,94.995345716208
2022-07-11,NETZ,92.5957027842785,87.8666817502265,95.543400338999,93.2440827950124,88.7382687123796,95.7995025850143
2022-07-12,NETZ,93.4310905573924,89.6073228437636,95.8309570662805,93.9991561478057,90.3906535054182,96.053533364209
2022-07-13,NETZ,93.4753200962235,89.9345971473561,95.6947653144324,94.0909482431732,90.6893930069394,96.031579215125
2022-07-14,NETZ,87.5058089886714,79.8136787449652,92.3439084041455,88.7624003896034,80.8569508611482,93.2798835636987
2022-07-15,NETZ,94.5342134960721,91.8560919354517,96.2098330113485,95.3991693980114,92.9301968893468,96.8058188728925
2022-07-16,NETZ,94.4191516536001,91.4464951336013,96.7695861750049,95.6807450056615,92.3151172375669,97.9574031015806
2022-07-17,NETZ,91.3931959897729,86.2370092086634,95.4985719839939,93.856077487161,88.4393749029841,97.5215378268407
2022-07-18,NETZ,86.391685556669,78.9442490613061,91.0395426674854,87.3274785545183,80.2206281620848,91.3578957312001
2022-07-19,NETZ,91.2887361290175,87.2999304209193,93.7732634604415,92.0619918747091,88.0645297252206,94.3323434043258
2022-07-20,NETZ,93.2151582838214,89.2917420757343,95.6636126164043,93.6998236491406,90.057483351136,95.7634972016594
2022-07-21,NETZ,93.2876121638758,89.3579987944468,95.7532732052817,93.8624495581532,90.2997805061599,95.8886474185816
2022-07-22,NETZ,93.5533498969394,89.7906710691802,95.9209634580661,94.0971591789706,90.5298673405143,96.1376061036024
2022-07-23,NETZ,93.2501293527995,88.8628933567867,96.6000400247759,94.8730208627653,90.3256483138273,97.8169044202799
2022-07-24,NETZ,94.4228238459613,89.9789784490869,97.852117647365,95.2623005701451,91.0052897863943,98.0213451787667
2022-07-25,NETZ,94.765445525316,92.0329224578517,96.4637709990422,95.4229262244251,92.9016814202124,96.847498001514
2022-07-26,NETZ,93.3816350131744,88.6676179374694,96.3335829906474,94.3968392114489,89.9771879369404,96.9027185878867
2022-07-27,NETZ,93.0775902105225,88.7276546920102,95.7786500650368,93.6440676266259,89.2841040146947,96.1013401148602
2022-07-28,NETZ,94.2013147077977,89.8521313189572,96.9220544467012,94.7620740777717,90.6769947595481,97.0766601139701
2022-07-29,NETZ,93.6860643979527,89.5381848342048,96.2939378047516,94.2227102011733,90.3667625079829,96.4224011051999
2022-07-30,NETZ,95.6347369849828,92.8525186362619,97.8060754933094,96.328310072806,93.6575636735421,98.0912658030978
2022-07-31,NETZ,94.3704366347103,90.9453583311248,97.0615289131027,95.3919728824919,92.0380736993782,97.6208304604178
2022-08-01,NETZ,94.9643628831903,91.1198482561926,97.9881580586841,95.9862819275378,92.4005772179696,98.3645921335284
2022-08-02,NETZ,94.3156430441481,91.2394862062921,96.2356530907733,94.7035606469605,91.6556270887615,96.4274816949054
2022-08-03,NETZ,91.7006975814422,88.2213517654093,93.8923791786361,92.4880249076384,89.2628323404522,94.3283265925374
2022-08-04,NETZ,91.1690632638415,88.5458176821298,92.8032947215989,92.3775023961271,89.762552402473,93.8647320962118
2022-08-05,NETZ,90.4414557009336,85.1516477194922,93.7634529859633,91.667556040388,86.7898934622709,94.4436968995344
2022-08-06,NETZ,94.7031582883786,91.5883767321898,97.1578141940752,95.6048574065652,92.6507110197172,97.5775627843456
2022-08-07,NETZ,93.9769584894336,90.3834813919963,96.8327357414833,95.2204641073191,91.6232157814999,97.6390347987794
2022-08-08,NETZ,93.6803204602772,89.9505566495539,96.0328967719705,94.342554820114,91.0401943740118,96.2287905060512
2022-08-09,NETZ,94.05811919185,89.3731710431323,97.0353288597057,94.738727733463,90.3542136356182,97.2597841220284
2022-08-10,NETZ,94.567544907404,90.4493756348105,97.1645882543411,95.3170468363013,91.6082306881676,97.4365665656477
2022-08-11,NETZ,91.3309786934002,87.332775867077,93.8658115350044,92.5764012680631,88.9267445724336,94.6763876292093
2022-08-12,NETZ,94.2618390504424,90.5215496189727,96.6325100906314,94.9959292436494,91.7537607908588,96.857352642829
2022-08-13,NETZ,91.4057606924097,85.9910262412259,95.7586867311684,92.4477982986489,86.9771111891417,96.1717265148206
2022-08-14,NETZ,94.9930763702755,91.4260446653117,97.8680441431319,95.6824714202095,92.3714781679385,97.929144941541
2022-08-15,NETZ,91.5595662075556,87.8927554805577,93.8833451985795,92.7077660091727,89.5667801610902,94.5087487953954
2022-08-16,NETZ,95.2370481074247,92.8612008563565,96.7397017875621,95.6955897779088,93.4667737481766,96.9774273987643
2022-08-17,NETZ,93.0423388570495,90.2343873280907,94.827325241669,93.8917299778115,91.3352468049242,95.3632073535257
2022-08-18,NETZ,90.9745755950909,85.2102234324161,94.6401885550506,91.7778075726894,86.2305124594833,94.965065802452
2022-08-19,NETZ,91.8017087377982,88.2827509058564,94.0298749719182,92.4298446507557,89.2993794923785,94.2276360088096
2022-08-20,NETZ,94.7342597211828,91.8454935357066,97.0651202477238,95.8069874505631,93.0028628451342,97.7321017977483
2022-08-21,NETZ,94.2806830526419,90.7024815769748,97.174850427599,95.1230037626482,91.7967742322839,97.4015227314044
2022-08-22,NETZ,94.5494700415979,91.4022334631481,96.5363546607109,94.9539157877265,91.8957169422152,96.707815923276
2022-08-23,NETZ,92.2184658097622,87.2239962573421,95.3900216098211,92.9187775158665,88.3316960227863,95.554845417541
2022-08-24,NETZ,93.3880873278968,90.8271234566598,95.0107788977202,94.1050919675575,91.7980520442523,95.4324523259535
2022-08-25,NETZ,94.1884633724057,92.0768839486273,95.5153423956509,94.5738689719785,92.6220793345214,95.6882277790253
2022-08-26,NETZ,91.7586880443802,87.2534813614238,94.5981965763863,92.4784909129286,88.0561139327669,95.0150539226502
2022-08-27,NETZ,95.4352812332643,92.5691282036117,97.7549211360833,96.0994302140425,93.1713177728532,98.1129231089681
2022-08-28,NETZ,95.5071403358307,93.5476216151124,97.0894603970547,96.2436009745669,94.2927656596898,97.5779686774528
2022-08-29,NETZ,94.9232135065128,91.6339457320955,96.9958947947407,95.3727801999888,92.241096220887,97.162486165683
2022-08-30,NETZ,94.3213739167685,91.5839549318553,96.0384076123074,94.8584489675689,92.2865792522409,96.3257334004633
2022-08-31,NETZ,89.347038937169,84.6406130332778,92.3356839110621,90.3915459870261,86.4010369295411,92.6798717590836
2022-09-01,NETZ,92.8638068553806,89.5149406124366,94.9713993218233,93.5892146592643,90.260289350181,95.4954930849997
2022-09-02,NETZ,91.4308308343191,87.8949559336143,93.64786101539,91.9872153452091,88.632719705807,93.8982943377123
2022-09-03,NETZ,93.4656232933369,89.071577065563,96.948774000714,94.4489372826176,90.1428811891349,97.3476317647992
2022-09-04,NETZ,93.9823452321164,88.9684514682612,97.9996798904748,94.9869861427261,90.1814783787313,98.2415203028193
2022-09-05,NETZ,91.8191962458612,87.1800582547252,94.7334673630951,92.3052099427711,87.7947659691045,94.8788787741051
2022-09-06,NETZ,89.6753337366973,83.6443401392082,93.4560308448043,90.4929372281112,84.8425338548841,93.7034670858401
